{
  "project_info": {
    "project_number": "1072321847947",
    "project_id": "health-toc-app",
    "storage_bucket": "health-toc-app.appspot.com"
  },
  "client": [
    {
      "client_info": {
        "mobilesdk_app_id": "1:1072321847947:android:8ac2f3ca412fb8342bea8e",
        "android_client_info": {
          "package_name": "com.health_toc_app.health_toc_app.healthtoc"
        }
      },
      "oauth_client": [],
      "api_key": [
        {
          "current_key": "AIzaSyBixTW7tHBpsVn0c5lwbriPjr9Oh5RnBlU"
        }
      ],
      "services": {
        "appinvite_service": {
          "other_platform_oauth_client": []
        }
      }
    }
  ],
  "configuration_version": "1"
}